Email,PasswordHash,FirstName,LastName,Role,DateCreated,IsActive
admin1@ecommerce.com,admin_hash_847029,Chief,Analytics,Admin,2024-12-03 18:17:18,1
admin2@ecommerce.com,admin_hash_174434,Supervisor,Finance,Admin,2025-04-28 18:17:18,1
admin3@ecommerce.com,admin_hash_483477,Director,Security,Admin,2025-10-27 18:17:18,1
admin4@ecommerce.com,admin_hash_963947,Admin,Operations,Manager,2025-04-13 18:17:18,1
admin5@ecommerce.com,admin_hash_355205,Supervisor,Sales,Moderator,2025-03-25 18:17:18,1
admin6@ecommerce.com,admin_hash_698473,Head,Analytics,Admin,2025-01-17 18:17:18,1
admin7@ecommerce.com,admin_hash_270034,Head,Finance,Manager,2025-01-29 18:17:18,1
admin8@ecommerce.com,admin_hash_853089,Admin,Product,Moderator,2025-09-04 18:17:18,1
admin9@ecommerce.com,admin_hash_231572,Senior,Marketing,SuperAdmin,2025-11-19 18:17:18,1
admin10@ecommerce.com,admin_hash_408848,Senior,Security,Admin,2025-09-06 18:17:18,1
admin11@ecommerce.com,admin_hash_803076,Head,Security,Manager,2025-03-08 18:17:18,1
admin12@ecommerce.com,admin_hash_113955,Principal,Support,Admin,2025-08-06 18:17:18,1
admin13@ecommerce.com,admin_hash_860835,Principal,Sales,Admin,2025-06-10 18:17:18,1
admin14@ecommerce.com,admin_hash_392747,Executive,Security,SuperAdmin,2025-05-31 18:17:18,1
admin15@ecommerce.com,admin_hash_918169,Senior,System,Admin,2025-06-03 18:17:18,1
admin16@ecommerce.com,admin_hash_996172,Principal,Analytics,SuperAdmin,2024-12-21 18:17:18,1
admin17@ecommerce.com,admin_hash_954069,Chief,Operations,Moderator,2025-08-27 18:17:18,1
admin18@ecommerce.com,admin_hash_136440,Head,Operations,Moderator,2025-07-08 18:17:18,1
admin19@ecommerce.com,admin_hash_141140,Chief,Product,Admin,2025-05-11 18:17:18,1
admin20@ecommerce.com,admin_hash_174193,Admin,Marketing,SuperAdmin,2025-06-08 18:17:18,1
admin21@ecommerce.com,admin_hash_849974,Manager,Sales,Manager,2025-08-11 18:17:18,1
admin22@ecommerce.com,admin_hash_210651,Head,Product,Moderator,2025-05-01 18:17:18,1
admin23@ecommerce.com,admin_hash_246278,Senior,Product,SuperAdmin,2025-09-18 18:17:18,1
admin24@ecommerce.com,admin_hash_280728,Chief,Technology,Moderator,2025-10-03 18:17:18,1
admin25@ecommerce.com,admin_hash_956455,Senior,Security,Moderator,2025-01-15 18:17:18,1
admin26@ecommerce.com,admin_hash_654717,Director,Marketing,Manager,2025-05-18 18:17:18,1
admin27@ecommerce.com,admin_hash_993931,Head,Technology,Admin,2025-07-15 18:17:18,1
admin28@ecommerce.com,admin_hash_595390,Executive,Marketing,Admin,2025-10-28 18:17:18,1
admin29@ecommerce.com,admin_hash_581029,Chief,Finance,Admin,2025-02-05 18:17:18,1
admin30@ecommerce.com,admin_hash_770337,Supervisor,System,SuperAdmin,2024-12-10 18:17:18,1
admin31@ecommerce.com,admin_hash_118949,Principal,Technology,Moderator,2025-01-17 18:17:18,1
admin32@ecommerce.com,admin_hash_625212,Supervisor,Analytics,SuperAdmin,2025-01-06 18:17:18,1
admin33@ecommerce.com,admin_hash_586937,Head,Sales,SuperAdmin,2025-10-14 18:17:18,1
admin34@ecommerce.com,admin_hash_536989,Director,Finance,Manager,2025-05-27 18:17:18,1
admin35@ecommerce.com,admin_hash_295665,Admin,Finance,SuperAdmin,2025-05-31 18:17:18,1
admin36@ecommerce.com,admin_hash_270790,Senior,Sales,Manager,2025-07-09 18:17:18,1
admin37@ecommerce.com,admin_hash_219767,Chief,Marketing,Manager,2025-09-12 18:17:18,1
admin38@ecommerce.com,admin_hash_122381,Director,System,Manager,2025-07-22 18:17:18,1
admin39@ecommerce.com,admin_hash_361017,Supervisor,Sales,SuperAdmin,2025-09-07 18:17:18,1
admin40@ecommerce.com,admin_hash_260090,Admin,Product,SuperAdmin,2024-12-28 18:17:18,1
admin41@ecommerce.com,admin_hash_459922,Executive,Security,SuperAdmin,2025-01-04 18:17:18,1
admin42@ecommerce.com,admin_hash_764118,Manager,Operations,SuperAdmin,2024-12-15 18:17:18,1
admin43@ecommerce.com,admin_hash_104799,Senior,Product,Admin,2025-05-23 18:17:18,1
admin44@ecommerce.com,admin_hash_945063,Executive,Marketing,SuperAdmin,2025-06-05 18:17:18,1
admin45@ecommerce.com,admin_hash_525492,Head,Finance,SuperAdmin,2025-05-27 18:17:18,1
admin46@ecommerce.com,admin_hash_676071,Chief,Product,SuperAdmin,2025-01-30 18:17:18,1
admin47@ecommerce.com,admin_hash_579704,Director,Analytics,SuperAdmin,2025-04-19 18:17:18,1
admin48@ecommerce.com,admin_hash_915308,Principal,Finance,Moderator,2025-11-08 18:17:18,1
admin49@ecommerce.com,admin_hash_414770,Senior,Finance,SuperAdmin,2025-04-21 18:17:18,1
admin50@ecommerce.com,admin_hash_682494,Manager,Finance,SuperAdmin,2025-06-15 18:17:18,1
admin51@ecommerce.com,admin_hash_206759,Head,Analytics,SuperAdmin,2025-05-11 18:17:18,1
admin52@ecommerce.com,admin_hash_935331,Chief,Analytics,SuperAdmin,2024-12-07 18:17:18,1
admin53@ecommerce.com,admin_hash_856389,Supervisor,Sales,Admin,2025-07-22 18:17:18,1
admin54@ecommerce.com,admin_hash_270670,Director,Technology,Moderator,2025-01-28 18:17:18,1
admin55@ecommerce.com,admin_hash_987345,Director,Security,Admin,2025-03-12 18:17:18,1
admin56@ecommerce.com,admin_hash_372526,Principal,Finance,Admin,2025-04-11 18:17:18,1
admin57@ecommerce.com,admin_hash_430635,Senior,Product,SuperAdmin,2025-04-12 18:17:18,1
admin58@ecommerce.com,admin_hash_441573,Manager,Analytics,Moderator,2025-08-15 18:17:18,1
admin59@ecommerce.com,admin_hash_704697,Lead,Finance,Admin,2025-04-29 18:17:18,1
admin60@ecommerce.com,admin_hash_851446,Chief,Finance,Manager,2025-05-18 18:17:18,1
admin61@ecommerce.com,admin_hash_116894,Principal,Marketing,Manager,2025-04-01 18:17:18,1
admin62@ecommerce.com,admin_hash_350230,Manager,Marketing,Manager,2025-10-13 18:17:18,1
admin63@ecommerce.com,admin_hash_811665,Admin,Security,Manager,2025-09-18 18:17:18,1
admin64@ecommerce.com,admin_hash_483489,Lead,System,SuperAdmin,2025-02-24 18:17:18,1
admin65@ecommerce.com,admin_hash_616005,Executive,Analytics,Manager,2025-07-26 18:17:18,1
admin66@ecommerce.com,admin_hash_594812,Lead,Finance,Admin,2025-06-15 18:17:18,1
admin67@ecommerce.com,admin_hash_702390,Director,Operations,SuperAdmin,2025-08-30 18:17:18,1
admin68@ecommerce.com,admin_hash_586144,Chief,Operations,Moderator,2025-07-05 18:17:18,1
admin69@ecommerce.com,admin_hash_266356,Head,System,Manager,2024-11-27 18:17:18,1
admin70@ecommerce.com,admin_hash_613256,Admin,Operations,Moderator,2024-12-03 18:17:18,1
admin71@ecommerce.com,admin_hash_692485,Head,Analytics,Manager,2025-08-31 18:17:18,1
admin72@ecommerce.com,admin_hash_970780,Executive,Operations,Admin,2025-02-20 18:17:18,1
admin73@ecommerce.com,admin_hash_155729,Principal,Operations,Moderator,2025-04-16 18:17:18,1
admin74@ecommerce.com,admin_hash_993578,Chief,Security,Manager,2025-05-31 18:17:18,1
admin75@ecommerce.com,admin_hash_352917,Head,Product,Admin,2025-01-03 18:17:18,1
admin76@ecommerce.com,admin_hash_672757,Admin,Technology,SuperAdmin,2025-09-15 18:17:18,1
admin77@ecommerce.com,admin_hash_376806,Director,Support,SuperAdmin,2025-02-26 18:17:18,1
admin78@ecommerce.com,admin_hash_222946,Executive,Sales,Moderator,2025-07-30 18:17:18,1
admin79@ecommerce.com,admin_hash_291534,Senior,Security,Admin,2025-07-11 18:17:18,1
admin80@ecommerce.com,admin_hash_228520,Chief,Support,Moderator,2025-04-01 18:17:18,1
admin81@ecommerce.com,admin_hash_208765,Principal,Operations,Admin,2025-09-27 18:17:18,1
admin82@ecommerce.com,admin_hash_735510,Principal,Support,Manager,2025-06-18 18:17:18,1
admin83@ecommerce.com,admin_hash_387725,Principal,System,SuperAdmin,2025-10-04 18:17:18,1
admin84@ecommerce.com,admin_hash_974443,Supervisor,Product,Moderator,2025-10-12 18:17:18,1
admin85@ecommerce.com,admin_hash_280638,Principal,Product,Admin,2024-12-27 18:17:18,1
admin86@ecommerce.com,admin_hash_863665,Admin,Marketing,Admin,2025-05-30 18:17:18,1
admin87@ecommerce.com,admin_hash_364410,Chief,System,SuperAdmin,2025-10-15 18:17:18,1
admin88@ecommerce.com,admin_hash_660979,Head,Marketing,SuperAdmin,2025-06-09 18:17:18,1
admin89@ecommerce.com,admin_hash_530238,Executive,Security,Moderator,2025-06-07 18:17:18,1
admin90@ecommerce.com,admin_hash_239047,Manager,Sales,SuperAdmin,2025-02-04 18:17:18,1
admin91@ecommerce.com,admin_hash_251145,Director,Security,Admin,2025-05-05 18:17:18,1
admin92@ecommerce.com,admin_hash_758678,Executive,Sales,Moderator,2025-06-03 18:17:18,1
admin93@ecommerce.com,admin_hash_256160,Executive,Technology,Moderator,2025-02-07 18:17:18,1
admin94@ecommerce.com,admin_hash_894996,Senior,Support,Admin,2025-11-21 18:17:18,1
admin95@ecommerce.com,admin_hash_775297,Senior,Sales,SuperAdmin,2025-09-26 18:17:18,1
admin96@ecommerce.com,admin_hash_453547,Executive,Marketing,Moderator,2025-06-18 18:17:18,1
admin97@ecommerce.com,admin_hash_747531,Director,Analytics,SuperAdmin,2025-11-18 18:17:18,1
admin98@ecommerce.com,admin_hash_527396,Chief,Security,Moderator,2024-11-29 18:17:18,1
admin99@ecommerce.com,admin_hash_112528,Principal,Security,Manager,2025-01-23 18:17:18,1
admin100@ecommerce.com,admin_hash_212915,Supervisor,Technology,SuperAdmin,2025-03-09 18:17:18,1
